[
 {
  "address": "EQCsCWwWEHS0BaEhcwJ3ft3GEXoC0Xd1CJ3hgASj14-NVb_r",
  "name": "Booli Reborn"
 },
 {
  "address": "0:c202dd4b9af103c981b880bdfc2872bd8473fc0606159278fdc40a2ae4f8d234",
  "name": "DILS COIN GENESIS",
  "websites": [
   "https://t.me/dilscoin",
   "https://x.com/DILScoin"
  ]
 },
 {
  "address": "EQAR6-Ja1DjOqsJoFzpQtEvVjwvy6-wExE0nLV5-4rPY_SKN",
  "description": "Make a new beginning with this collection of objects and pieces found on the World's map via the GLOBULA interface. The question is: what are you going to do with these?",
  "name": "GLOBULA",
  "social": [
   "https://t.me/globula_community",
   "https://twitter.com/Globula_Game",
   "https://discord.gg/rTdZxwkYHk"
  ],
  "websites": [
   "https://globula.space"
  ]
 },
 {
  "address": "0:da6b1b6663a0e4d18cc8574ccd9db5296e367dd9324706f3bbd9eb1cd2caf0bf",
  "name": "KZH"
 },
 {
  "address": "0:80d78a35f955a14b679faa887ff4cd5bfc0f43b4a4eea2a7e6927f3701b273c2",
  "name": "Telegram usernames",
  "websites": [
   "https://t.me",
   "https://telegram.org"
  ]
 },
 {
  "address": "0:c5e44022dc5a4785cb0bc0493960e990edf0c0cfcdf66c8621fcc757ba0a72ed",
  "description": "Explore Anycraft\u2019s exclusive NFT collection, where each item is crafted by players from unique creations. In Anycraft, only the original inventor of an item or a new recipe has the right to mint an NFT. \u2b50 Gold stars mark first discoveries, while silver stars represent unique crafting methods. All NFTs can be imported back into the game for more crafting possibilities. Plus, each NFT unlocks free boosters and other benefits \u2014 check them out in Anycraft!",
  "image": "https://public.anycraft.io/nft/assets/collection_logo.png",
  "name": "Anycraft Unique Crafts",
  "social": [
   "https://t.me/anycraft_community",
   "https://youtube.com/@Anycraftbot/shorts",
   "https://tiktok.com/@anycraftbot",
   "https://x.com/Anycraft_tma"
  ],
  "websites": [
   "https://anycraft.io"
  ]
 },
 {
  "address": "EQDVJADeL16Dv-alWpWFSgQrP-IqGjcNrJwQH65bXgBzKt8C",
  "description": "BeeHarvest NFT is a unique and innovative collection within the AmberTON and BeeHarvest ecosystem, opening new horizons for project participants. This collection is based on utility NFTs that are not only aesthetically appealing but also provide tangible bonuses to their owners.\nEach NFT in the collection has unique attributes that increase the resource harvesting percentage in the game, giving you significant advantages. The collection features 10 levels of NFTs, and you have the opportunity to merge them to create more powerful NFTs with even greater capabilities.\nYou can obtain and use these NFTs completely free by following simple rules that can be found in the official project channels or directly in the game. Don't miss your chance to be part of this revolutionary project and multiply your resources with BeeHarvest NFT!",
  "image": "https://api.beeharvest.life/nft/file/game_nft_collection.jpg",
  "name": "Beeharvest",
  "social": [
   "https://t.me/BeeHarvest",
   "https://t.me/beeharvestbot",
   "https://t.me/amberton"
  ]
 },
 {
  "address": "0:f2bd3b92c32358d75b6eb78e053e41b30fd3d46cd70f814ff005afb4aeecee1a",
  "description": "Degrees\u2019 is a limited collection of 361\u00b0 available items. Each Degree\u00b0 has its own unique angle, contains a maths fact about its value and is an essential component to getting a complete user experience in the Degrees\u00b0 app.",
  "image": "https://raw.githubusercontent.com/msilenkov/ONE/245f76be45fc9e32a60de758bf8c39e5dce99cd7/degrees.svg",
  "links": {
   "bot": "https://prodegreesbot.t.me",
   "channel": [
    "https://degrees.t.me",
    "https://prodegrees.t.me"
   ],
   "community": "https://degreeston.t.me"
  },
  "name": "Degrees",
  "social": [
   "https://degrees.t.me",
   "https://prodegrees.t.me",
   "https://degreeston.t.me"
  ]
 },
 {
  "address": "EQD7eDxP_wLX18kr8uyYfs6srlgoNMfRbXNYM8dmMXT2vxwk",
  "name": "CALLIGRAFUTURISM \u2014 24: Units"
 },
 {
  "address": "0:192ad1dc37a9a16f385bcdc9ee8fef78af93fe859601284c10e3ff9d73ed8058",
  "description": "SpinnerCoin introduces an innovative Play-to-Earn (P2E) gaming experience leveraging the power of TON blockchain technology, combined with exclusive Non-Fungible Tokens (NFTs). Immerse yourself in a dynamic gaming universe where every spin unlocks thrilling adventures and lucrative rewards.",
  "image": "https://github.com/Spinnercoin/spinner-logos/blob/d707bc9e96668bf6683dca2fabbc7ae9975e283f/logocube4500.png?raw=true",
  "name": "Spinners",
  "social": [
   "https://t.me/SpinnerCoin",
   "https://t.me/SpinnerCoin_bot",
   "https://t.me/SpinnerCoin_chat"
  ],
  "websites": [
   "https://t.me/SpinnerCoin_bot/app"
  ]
 },
 {
  "address": "EQA-2g3g7Jj169mrA5PR49LjmIC1TIQfaGEcZ8UnDZYfsrno",
  "name": "The Gateway"
 },
 {
  "address": "EQDAicW4BJTBec7C_E1qaJDvem4BiKwmCzH9eIlvQi6DSRnb",
  "name": "Tonkeeper Adventure"
 },
 {
  "address": "0:dfdb68e5d54fe1d1d4417912266a4777de16752e3f99c669e567272a8732633d",
  "description": "Exclusive SBT (Soulbound Token) achievements within Totemancer. Each badge representing proof of your in-game milestones and accomplishments. SBTs can only be earned through your gameplay progress.",
  "image": "https://totemancer.com/ton/tc.png",
  "name": "Totemancer: Badges",
  "social": [
   "https://t.me/TotemancerBot",
   "https://t.me/Totemancer",
   "https://t.me/Totemancer_RU",
   "https://t.me/TotemancerChat",
   "https://x.com/Totemancer",
   "https://vk.com/Totemancer"
  ],
  "websites": [
   "https://totemancer.com"
  ]
 },
 {
  "address": "0:5f4e1ae581d20d04f773562ff22e30a2a1866a73c5ce05881e3e096094b982c2",
  "description": "Exclusive NFT collectibles within Totemancer. Each totem represents a powerful asset, offering special in-game enhancements and tangible benefits.",
  "image": "https://totemancer.com/ton/tc.png",
  "name": "Totemancer: Totems",
  "social": [
   "https://t.me/TotemancerBot",
   "https://t.me/Totemancer",
   "https://t.me/Totemancer_RU",
   "https://t.me/TotemancerChat",
   "https://x.com/Totemancer",
   "https://vk.com/Totemancer"
  ],
  "websites": [
   "https://totemancer.com"
  ]
 }
]